"","pathway","gene"
"1","BCR Signaling Pathway","Plcg1"
"2","BCR Signaling Pathway","Nfatc1"
"3","BCR Signaling Pathway","Nfatc2"
"4","BCR Signaling Pathway","Nfatc4"
"5","BCR Signaling Pathway","Nfatc3"
"6","BCR Signaling Pathway","Orai1"
"7","BCR Signaling Pathway","Lyn"
"8","BCR Signaling Pathway","Cd79a"
"9","BCR Signaling Pathway","Cd79b"
"10","BCR Signaling Pathway","Syk"
"11","BCR Signaling Pathway","Blnk"
"12","BCR Signaling Pathway","Vav1"
"13","BCR Signaling Pathway","Shc1"
"14","BCR Signaling Pathway","Sos1"
"15","BCR Signaling Pathway","Grb2"
"16","BCR Signaling Pathway","Prkca"
"17","BCR Signaling Pathway","Prkcb"
"18","BCR Signaling Pathway","Calm3"
"19","BCR Signaling Pathway","Ppp3ca"
"20","BCR Signaling Pathway","Ppp3cb"
"21","BCR Signaling Pathway","Ppp3cc"
"22","BCR Signaling Pathway","Elk1"
"23","BCR Signaling Pathway","Raf1"
"24","BCR Signaling Pathway","Map2k1"
"25","BCR Signaling Pathway","Mapk3"
"26","BCR Signaling Pathway","Jun"
"27","BCR Signaling Pathway","Fos"
"28","BCR Signaling Pathway","Rac1"
"29","BCR Signaling Pathway","Map3k1"
"30","BCR Signaling Pathway","Mapk10"
"31","CD40L Signalling Pathway","Cd40"
"32","CD40L Signalling Pathway","Traf3"
"33","CD40L Signalling Pathway","Traf6"
"34","CD40L Signalling Pathway","Mapk14"
"35","CD40L Signalling Pathway","Map3k1"
"36","CD40L Signalling Pathway","Dusp1"
"37","CD40L Signalling Pathway","Chuk"
"38","CD40L Signalling Pathway","Ikbkb"
"39","CD40L Signalling Pathway","Ikbkg"
"40","CD40L Signalling Pathway","Nfkb1"
"41","CD40L Signalling Pathway","Nfkbia"
"42","CD40L Signalling Pathway","Tnfaip3"
"43","CXCR4 Signaling Pathway","Cxcl12"
"44","CXCR4 Signaling Pathway","Cxcr4"
"45","CXCR4 Signaling Pathway","Gnai1"
"46","CXCR4 Signaling Pathway","Gnb1"
"47","CXCR4 Signaling Pathway","Raf1"
"48","CXCR4 Signaling Pathway","Map2k1"
"49","CXCR4 Signaling Pathway","Mapk3"
"50","CXCR4 Signaling Pathway","Mapk1"
"51","CXCR4 Signaling Pathway","Ptk2b"
"52","CXCR4 Signaling Pathway","Ptk2"
"53","CXCR4 Signaling Pathway","Pxn"
"54","CXCR4 Signaling Pathway","Crk"
"55","CXCR4 Signaling Pathway","Bcar1"
"56","CXCR4 Signaling Pathway","Nfkb1"
"57","CXCR4 Signaling Pathway","Nfkbia"
"58","CXCR4 Signaling Pathway","Plcg1"
"59","CXCR4 Signaling Pathway","Gnaq"
"60","D4-GDI Signaling Pathway","Casp3"
"61","D4-GDI Signaling Pathway","Cycs"
"62","D4-GDI Signaling Pathway","Apaf1"
"63","D4-GDI Signaling Pathway","Casp9"
"64","D4-GDI Signaling Pathway","Casp8"
"65","D4-GDI Signaling Pathway","Arhgdib"
"66","D4-GDI Signaling Pathway","Arhgap32"
"67","D4-GDI Signaling Pathway","Jun"
"68","D4-GDI Signaling Pathway","Arhgap5"
"69","D4-GDI Signaling Pathway","Parp1"
"70","EGF Signalling Pathway","Egf"
"71","EGF Signalling Pathway","Egfr"
"72","EGF Signalling Pathway","Plcg1"
"73","EGF Signalling Pathway","Prkca"
"74","EGF Signalling Pathway","Prkcb"
"75","EGF Signalling Pathway","Elk1"
"76","EGF Signalling Pathway","Mapk3"
"77","EGF Signalling Pathway","Jak1"
"78","EGF Signalling Pathway","Stat1"
"79","EGF Signalling Pathway","Stat3"
"80","EGF Signalling Pathway","Raf1"
"81","EGF Signalling Pathway","Map3k1"
"82","EGF Signalling Pathway","Map2k1"
"83","EGF Signalling Pathway","Map2k4"
"84","EGF Signalling Pathway","Mapk10"
"85","EGF Signalling Pathway","Jun"
"86","EGF Signalling Pathway","Fos"
"87","EGF Signalling Pathway","Stat2"
"88","EGF Signalling Pathway","Stat6"
"89","EGF Signalling Pathway","Csnk2a1"
"90","EGF Signalling Pathway","Srf"
"91","EGF Signalling Pathway","Dab2ip"
"92","EGF Signalling Pathway","Grb2"
"93","EGF Signalling Pathway","Shc1"
"94","EGF Signalling Pathway","Sos1"
"95","EPO Signaling Pathway","Stat5a"
"96","EPO Signaling Pathway","Epor"
"97","EPO Signaling Pathway","Plcg1"
"98","EPO Signaling Pathway","Jak2"
"99","EPO Signaling Pathway","Ptpn6"
"100","EPO Signaling Pathway","Shc1"
"101","EPO Signaling Pathway","Grb2"
"102","EPO Signaling Pathway","Sos1"
"103","EPO Signaling Pathway","Raf1"
"104","EPO Signaling Pathway","Map2k1"
"105","EPO Signaling Pathway","Mapk3"
"106","EPO Signaling Pathway","Elk1"
"107","EPO Signaling Pathway","Mapk10"
"108","EPO Signaling Pathway","Jun"
"109","EPO Signaling Pathway","Fos"
"110","EPO Signaling Pathway","Csnk2a1"
"111","Fc Epsilon Receptor I Signaling in Mast Cells","Fcer1g"
"112","Fc Epsilon Receptor I Signaling in Mast Cells","Lyn"
"113","Fc Epsilon Receptor I Signaling in Mast Cells","Fyn"
"114","Fc Epsilon Receptor I Signaling in Mast Cells","Syk"
"115","Fc Epsilon Receptor I Signaling in Mast Cells","Plcg1"
"116","Fc Epsilon Receptor I Signaling in Mast Cells","Pik3ca"
"117","Fc Epsilon Receptor I Signaling in Mast Cells","Pik3r1"
"118","Fc Epsilon Receptor I Signaling in Mast Cells","Vav3"
"119","Fc Epsilon Receptor I Signaling in Mast Cells","Lat"
"120","Fc Epsilon Receptor I Signaling in Mast Cells","Prkca"
"121","Fc Epsilon Receptor I Signaling in Mast Cells","Pdk1"
"122","Fc Epsilon Receptor I Signaling in Mast Cells","Rac1"
"123","Fc Epsilon Receptor I Signaling in Mast Cells","Akt1"
"124","Fc Epsilon Receptor I Signaling in Mast Cells","Map2k4"
"125","Fc Epsilon Receptor I Signaling in Mast Cells","Map2k7"
"126","Fc Epsilon Receptor I Signaling in Mast Cells","Map2k3"
"127","Fc Epsilon Receptor I Signaling in Mast Cells","Map2k6"
"128","Fc Epsilon Receptor I Signaling in Mast Cells","Mapk10"
"129","Fc Epsilon Receptor I Signaling in Mast Cells","Mapk14"
"130","Fc Epsilon Receptor I Signaling in Mast Cells","Grb2"
"131","Fc Epsilon Receptor I Signaling in Mast Cells","Sos1"
"132","Fc Epsilon Receptor I Signaling in Mast Cells","Nras"
"133","Fc Epsilon Receptor I Signaling in Mast Cells","Kras"
"134","Fc Epsilon Receptor I Signaling in Mast Cells","Raf1"
"135","Fc Epsilon Receptor I Signaling in Mast Cells","Map2k1"
"136","Fc Epsilon Receptor I Signaling in Mast Cells","Map2k2"
"137","Fc Epsilon Receptor I Signaling in Mast Cells","Mapk1"
"138","GnRH Signaling Pathway","Gnas"
"139","GnRH Signaling Pathway","Adcy1"
"140","GnRH Signaling Pathway","Prkaca"
"141","GnRH Signaling Pathway","Gna11"
"142","GnRH Signaling Pathway","Plcb1"
"143","GnRH Signaling Pathway","Itpr1"
"144","GnRH Signaling Pathway","Calm3"
"145","GnRH Signaling Pathway","Actn4"
"146","GnRH Signaling Pathway","Camk2a"
"147","GnRH Signaling Pathway","Prkca"
"148","GnRH Signaling Pathway","Prkcb"
"149","GnRH Signaling Pathway","Cacna2d2"
"150","GnRH Signaling Pathway","Cacnb1"
"151","GnRH Signaling Pathway","Mmp14"
"152","GnRH Signaling Pathway","Mmp2"
"153","GnRH Signaling Pathway","Hbegf"
"154","GnRH Signaling Pathway","Egfr"
"155","GnRH Signaling Pathway","Grb2"
"156","GnRH Signaling Pathway","Sos1"
"157","GnRH Signaling Pathway","Pld1"
"158","GnRH Signaling Pathway","Src"
"159","GnRH Signaling Pathway","Cdc42"
"160","GnRH Signaling Pathway","Map3k1"
"161","GnRH Signaling Pathway","Atf4"
"162","GnRH Signaling Pathway","Map3k2"
"163","GnRH Signaling Pathway","Map2k3"
"164","GnRH Signaling Pathway","Mapk14"
"165","GnRH Signaling Pathway","Raf1"
"166","GnRH Signaling Pathway","Map2k1"
"167","GnRH Signaling Pathway","Mapk1"
"168","GnRH Signaling Pathway","Egr1"
"169","GnRH Signaling Pathway","Elk1"
"170","GnRH Signaling Pathway","Map2k7"
"171","GnRH Signaling Pathway","Mapk10"
"172","GnRH Signaling Pathway","Jun"
"173","GnRH Signaling Pathway","Mapk7"
"174","GnRH Signaling Pathway","Ptk2b"
"175","Growth Hormone Signaling Pathway ","Rps6ka1"
"176","Growth Hormone Signaling Pathway ","Stat5a"
"177","Growth Hormone Signaling Pathway ","Stat5b"
"178","Growth Hormone Signaling Pathway ","Plcg1"
"179","Growth Hormone Signaling Pathway ","Prkca"
"180","Growth Hormone Signaling Pathway ","Ghr"
"181","Growth Hormone Signaling Pathway ","Jak2"
"182","Growth Hormone Signaling Pathway ","Irs1"
"183","Growth Hormone Signaling Pathway ","Slc2a4"
"184","Growth Hormone Signaling Pathway ","Insr"
"185","Growth Hormone Signaling Pathway ","Shc1"
"186","Growth Hormone Signaling Pathway ","Grb2"
"187","Growth Hormone Signaling Pathway ","Sos1"
"188","Growth Hormone Signaling Pathway ","Raf1"
"189","Growth Hormone Signaling Pathway ","Map2k1"
"190","Growth Hormone Signaling Pathway ","Mapk1"
"191","Growth Hormone Signaling Pathway ","Mapk3"
"192","Growth Hormone Signaling Pathway ","Socs1"
"193","Growth Hormone Signaling Pathway ","Ptpn6"
"194","Growth Hormone Signaling Pathway ","Orai1"
"195","Growth Hormone Signaling Pathway ","Hnf1a"
"196","Growth Hormone Signaling Pathway ","Srf"
"197","Insulin Signalling","Irs1"
"198","Insulin Signalling","Irs2"
"199","Insulin Signalling","Insr"
"200","Insulin Signalling","Shc1"
"201","Insulin Signalling","Grb2"
"202","Insulin Signalling","Sos1"
"203","Insulin Signalling","Akt1"
"204","Insulin Signalling","Pdpk1"
"205","Insulin Signalling","Raf1"
"206","Insulin Signalling","Map2k1"
"207","Insulin Signalling","Map2k2"
"208","Insulin Signalling","Mapk1"
"209","Insulin Signalling","Slc2a4"
"210","Intracellular Signalling Through Adenosine Receptor A2a and Adenosine","Adora2a"
"211","Intracellular Signalling Through Adenosine Receptor A2a and Adenosine","Gng12"
"212","Intracellular Signalling Through Adenosine Receptor A2a and Adenosine","Gnb1"
"213","Intracellular Signalling Through Adenosine Receptor A2a and Adenosine","Gnas"
"214","Intracellular Signalling Through Adenosine Receptor A2a and Adenosine","Prkacb"
"215","Intracellular Signalling Through Adenosine Receptor A2a and Adenosine","Creb1"
"216","Intracellular Signalling Through Adenosine Receptor A2a and Adenosine","Rap1a"
"217","Intracellular Signalling Through Adenosine Receptor A2a and Adenosine","Map2k2"
"218","Intracellular Signalling Through Adenosine Receptor A2a and Adenosine","Braf"
"219","Intracellular Signalling Through Adenosine Receptor A2a and Adenosine","Mapk1"
"220","Intracellular Signalling Through Adenosine Receptor A2a and Adenosine","Elk1"
"221","Intracellular Signalling Through Adenosine Receptor A2a and Adenosine","Rapgef2"
"222","Intracellular Signalling Through Adenosine Receptor A2a and Adenosine","Pik3ca"
"223","Intracellular Signalling Through Adenosine Receptor A2a and Adenosine","Arhgef7"
"224","Intracellular Signalling Through Adenosine Receptor A2a and Adenosine","Cdc42"
"225","Intracellular Signalling Through Adenosine Receptor A2a and Adenosine","Map3k4"
"226","Intracellular Signalling Through Adenosine Receptor A2a and Adenosine","Map3k1"
"227","Intracellular Signalling Through Adenosine Receptor A2a and Adenosine","Map2k7"
"228","Intracellular Signalling Through Adenosine Receptor A2a and Adenosine","Mapk10"
"229","Intracellular Signalling Through Adenosine Receptor A2a and Adenosine","Jun"
"230","Intracellular Signalling Through Adenosine Receptor A2a and Adenosine","Pak1"
"231","Intracellular Signalling Through Adenosine Receptor A2a and Adenosine","Map2k6"
"232","Intracellular Signalling Through Adenosine Receptor A2a and Adenosine","Mapk11"
"233","Intracellular Signalling Through Adenosine Receptor A2a and Adenosine","Atf2"
"234","Intracellular Signalling Through Adenosine Receptor A2a and Adenosine","Pard6a"
"235","Intracellular Signalling Through Adenosine Receptor A2a and Adenosine","Prkcz"
"236","Intracellular Signalling Through Adenosine Receptor A2a and Adenosine","Rps6ka1"
"237","Intracellular Signalling Through Adenosine Receptor A2a and Adenosine","Bad"
"238","Intracellular Signalling Through Adenosine Receptor A2a and Adenosine","Pdpk1"
"239","Intracellular Signalling Through Adenosine Receptor A2a and Adenosine","Akt1"
"240","Intracellular Signalling Through Adenosine Receptor A2a and Adenosine","Chuk"
"241","Intracellular Signalling Through Adenosine Receptor A2a and Adenosine","Ikbkb"
"242","Intracellular Signalling Through Adenosine Receptor A2a and Adenosine","Nfkbia"
"243","Intracellular Signalling Through Adenosine Receptor A2a and Adenosine","Nfkb1"
"244","Intracellular Signalling Through Adenosine Receptor A2a and Adenosine","Nfkb2"
"245","Intracellular Signalling Through Adenosine Receptor A2b and Adenosine","Adora2b"
"246","Intracellular Signalling Through Adenosine Receptor A2b and Adenosine","Gng12"
"247","Intracellular Signalling Through Adenosine Receptor A2b and Adenosine","Gnb1"
"248","Intracellular Signalling Through Adenosine Receptor A2b and Adenosine","Gnas"
"249","Intracellular Signalling Through Adenosine Receptor A2b and Adenosine","Prkacb"
"250","Intracellular Signalling Through Adenosine Receptor A2b and Adenosine","Rap1a"
"251","Intracellular Signalling Through Adenosine Receptor A2b and Adenosine","Map2k2"
"252","Intracellular Signalling Through Adenosine Receptor A2b and Adenosine","Braf"
"253","Intracellular Signalling Through Adenosine Receptor A2b and Adenosine","Mapk1"
"254","Intracellular Signalling Through Adenosine Receptor A2b and Adenosine","Elk1"
"255","Intracellular Signalling Through Adenosine Receptor A2b and Adenosine","Rapgef2"
"256","Intracellular Signalling Through Adenosine Receptor A2b and Adenosine","Pik3ca"
"257","Intracellular Signalling Through Adenosine Receptor A2b and Adenosine","Creb1"
"258","Intracellular Signalling Through Adenosine Receptor A2b and Adenosine","Arhgef7"
"259","Intracellular Signalling Through Adenosine Receptor A2b and Adenosine","Cdc42"
"260","Intracellular Signalling Through Adenosine Receptor A2b and Adenosine","Map3k4"
"261","Intracellular Signalling Through Adenosine Receptor A2b and Adenosine","Map3k1"
"262","Intracellular Signalling Through Adenosine Receptor A2b and Adenosine","Map2k7"
"263","Intracellular Signalling Through Adenosine Receptor A2b and Adenosine","Mapk10"
"264","Intracellular Signalling Through Adenosine Receptor A2b and Adenosine","Jun"
"265","Intracellular Signalling Through Adenosine Receptor A2b and Adenosine","Pak1"
"266","Intracellular Signalling Through Adenosine Receptor A2b and Adenosine","Map2k6"
"267","Intracellular Signalling Through Adenosine Receptor A2b and Adenosine","Mapk11"
"268","Intracellular Signalling Through Adenosine Receptor A2b and Adenosine","Atf2"
"269","Intracellular Signalling Through Adenosine Receptor A2b and Adenosine","Pdpk1"
"270","Intracellular Signalling Through Adenosine Receptor A2b and Adenosine","Akt1"
"271","Intracellular Signalling Through Adenosine Receptor A2b and Adenosine","Chuk"
"272","Intracellular Signalling Through Adenosine Receptor A2b and Adenosine","Ikbkb"
"273","Intracellular Signalling Through Adenosine Receptor A2b and Adenosine","Nfkbia"
"274","Intracellular Signalling Through Adenosine Receptor A2b and Adenosine","Nfkb1"
"275","Intracellular Signalling Through Adenosine Receptor A2b and Adenosine","Nfkb2"
"276","Intracellular Signalling Through Adenosine Receptor A2b and Adenosine","Pard6a"
"277","Intracellular Signalling Through Adenosine Receptor A2b and Adenosine","Prkcz"
"278","Intracellular Signalling Through Adenosine Receptor A2b and Adenosine","Rps6ka1"
"279","Intracellular Signalling Through Adenosine Receptor A2b and Adenosine","Bad"
"280","Leucine Stimulation on Insulin Signaling","Irs1"
"281","Leucine Stimulation on Insulin Signaling","Insr"
"282","Leucine Stimulation on Insulin Signaling","Irs2"
"283","Leucine Stimulation on Insulin Signaling","Mtor"
"284","Leucine Stimulation on Insulin Signaling","Slc7a5"
"285","Leucine Stimulation on Insulin Signaling","Akt1"
"286","Leucine Stimulation on Insulin Signaling","Tsc2"
"287","Leucine Stimulation on Insulin Signaling","Tsc1"
"288","Leucine Stimulation on Insulin Signaling","Rheb"
"289","Leucine Stimulation on Insulin Signaling","Rps6kb1"
"290","Leucine Stimulation on Insulin Signaling","Eif4e"
"291","LPS and Citrate Signaling and Inflammation","Cs"
"292","LPS and Citrate Signaling and Inflammation","Sdha"
"293","LPS and Citrate Signaling and Inflammation","Sdhb"
"294","LPS and Citrate Signaling and Inflammation","Sdhc"
"295","LPS and Citrate Signaling and Inflammation","Sdhd"
"296","LPS and Citrate Signaling and Inflammation","Acly"
"297","LPS and Citrate Signaling and Inflammation","Acaca"
"298","LPS and Citrate Signaling and Inflammation","Mdh1"
"299","LPS and Citrate Signaling and Inflammation","Me1"
"300","LPS and Citrate Signaling and Inflammation","Slc25a1"
"301","LPS and Citrate Signaling and Inflammation","Pfkl"
"302","LPS and Citrate Signaling and Inflammation","Cd14"
"303","LPS and Citrate Signaling and Inflammation","Ly96"
"304","LPS and Citrate Signaling and Inflammation","Myd88"
"305","LPS and Citrate Signaling and Inflammation","Tirap"
"306","LPS and Citrate Signaling and Inflammation","Traf6"
"307","LPS and Citrate Signaling and Inflammation","Chuk"
"308","LPS and Citrate Signaling and Inflammation","Ikbkb"
"309","LPS and Citrate Signaling and Inflammation","Ikbkg"
"310","LPS and Citrate Signaling and Inflammation","Nfkb1"
"311","LPS and Citrate Signaling and Inflammation","Nfkbia"
"312","LPS and Citrate Signaling and Inflammation","Rela"
"313","Lysophosphatidic Acid LPA1 Signalling","Gnb1"
"314","Lysophosphatidic Acid LPA1 Signalling","Gng2"
"315","Lysophosphatidic Acid LPA1 Signalling","Adcy1"
"316","Lysophosphatidic Acid LPA1 Signalling","Plcb1"
"317","Lysophosphatidic Acid LPA1 Signalling","Itpr1"
"318","Lysophosphatidic Acid LPA1 Signalling","Akt1"
"319","Lysophosphatidic Acid LPA1 Signalling","Srf"
"320","Lysophosphatidic Acid LPA1 Signalling","Rock1"
"321","Lysophosphatidic Acid LPA2 Signalling","Adcy1"
"322","Lysophosphatidic Acid LPA2 Signalling","Plcb1"
"323","Lysophosphatidic Acid LPA2 Signalling","Gnb1"
"324","Lysophosphatidic Acid LPA2 Signalling","Gng2"
"325","Lysophosphatidic Acid LPA2 Signalling","Lpar2"
"326","Lysophosphatidic Acid LPA2 Signalling","Itpr1"
"327","Lysophosphatidic Acid LPA2 Signalling","Akt1"
"328","Lysophosphatidic Acid LPA2 Signalling","Srf"
"329","Lysophosphatidic Acid LPA2 Signalling","Rock1"
"330","Lysophosphatidic Acid LPA3 Signalling","Adcy1"
"331","Lysophosphatidic Acid LPA3 Signalling","Plcb1"
"332","Lysophosphatidic Acid LPA3 Signalling","Gnb1"
"333","Lysophosphatidic Acid LPA3 Signalling","Gng2"
"334","Lysophosphatidic Acid LPA3 Signalling","Lpar3"
"335","Lysophosphatidic Acid LPA3 Signalling","Itpr1"
"336","Lysophosphatidic Acid LPA3 Signalling","Akt1"
"337","Lysophosphatidic Acid LPA3 Signalling","Gnas"
"338","Lysophosphatidic Acid LPA4 Signalling","Adcy1"
"339","Lysophosphatidic Acid LPA4 Signalling","Plcb1"
"340","Lysophosphatidic Acid LPA4 Signalling","Gnb1"
"341","Lysophosphatidic Acid LPA4 Signalling","Gng2"
"342","Lysophosphatidic Acid LPA4 Signalling","Lpar4"
"343","Lysophosphatidic Acid LPA4 Signalling","Itpr1"
"344","Lysophosphatidic Acid LPA4 Signalling","Akt1"
"345","Lysophosphatidic Acid LPA4 Signalling","Srf"
"346","Lysophosphatidic Acid LPA4 Signalling","Rock1"
"347","Lysophosphatidic Acid LPA4 Signalling","Gnas"
"348","Lysophosphatidic Acid LPA5 Signalling","Adcy1"
"349","Lysophosphatidic Acid LPA5 Signalling","Plcb1"
"350","Lysophosphatidic Acid LPA5 Signalling","Gnb1"
"351","Lysophosphatidic Acid LPA5 Signalling","Gng2"
"352","Lysophosphatidic Acid LPA5 Signalling","Itpr1"
"353","Lysophosphatidic Acid LPA5 Signalling","Akt1"
"354","Lysophosphatidic Acid LPA5 Signalling","Srf"
"355","Lysophosphatidic Acid LPA5 Signalling","Rock1"
"356","Lysophosphatidic Acid LPA5 Signalling","Gnas"
"357","Lysophosphatidic Acid LPA6 Signalling","Adcy1"
"358","Lysophosphatidic Acid LPA6 Signalling","Gnb1"
"359","Lysophosphatidic Acid LPA6 Signalling","Gng2"
"360","Lysophosphatidic Acid LPA6 Signalling","Lpar6"
"361","Lysophosphatidic Acid LPA6 Signalling","Akt1"
"362","Lysophosphatidic Acid LPA6 Signalling","Srf"
"363","Lysophosphatidic Acid LPA6 Signalling","Rock1"
"364","Lysophosphatidic Acid LPA6 Signalling","Gnas"
"365","NF-kB Signaling Pathway","Rela"
"366","NF-kB Signaling Pathway","Nfkb1"
"367","NF-kB Signaling Pathway","Map3k1"
"368","NF-kB Signaling Pathway","Map3k14"
"369","NF-kB Signaling Pathway","Chuk"
"370","NF-kB Signaling Pathway","Irak1"
"371","NF-kB Signaling Pathway","Myd88"
"372","NF-kB Signaling Pathway","Traf6"
"373","NF-kB Signaling Pathway","Tnfrsf1a"
"374","NF-kB Signaling Pathway","Tnfrsf1b"
"375","NF-kB Signaling Pathway","Fadd"
"376","NF-kB Signaling Pathway","Tradd"
"377","NF-kB Signaling Pathway","Ripk1"
"378","NF-kB Signaling Pathway","Tab1"
"379","NF-kB Signaling Pathway","Map3k7"
"380","NF-kB Signaling Pathway","Ikbkb"
"381","NF-kB Signaling Pathway","Ikbkg"
"382","NF-kB Signaling Pathway","Nfkbia"
"383","NF-kB Signaling Pathway","Ubc"
"384","NF-kB Signaling Pathway","Ncoa3"
"385","NF-kB Signaling Pathway","Camkk1"
"386","NF-kB Signaling Pathway","Camkk2"
"387","Nitric Oxide Signaling Pathway","Grin1"
"388","Nitric Oxide Signaling Pathway","Grin2a"
"389","Nitric Oxide Signaling Pathway","Dlg4"
"390","Nitric Oxide Signaling Pathway","Nos1"
"391","Nitric Oxide Signaling Pathway","Calm3"
"392","Nitric Oxide Signaling Pathway","Ppp3ca"
"393","Nitric Oxide Signaling Pathway","Prkca"
"394","Nitric Oxide Signaling Pathway","Prkacb"
"395","p53 Signaling Pathway","Bax"
"396","p53 Signaling Pathway","Bcl2"
"397","p53 Signaling Pathway","Cdkn1a"
"398","p53 Signaling Pathway","Ccnb1"
"399","p53 Signaling Pathway","Cdk1"
"400","p53 Signaling Pathway","Gadd45b"
"401","p53 Signaling Pathway","Pcna"
"402","p53 Signaling Pathway","Ccnd1"
"403","p53 Signaling Pathway","Cdk4"
"404","p53 Signaling Pathway","Rb1"
"405","p53 Signaling Pathway","E2f1"
"406","p53 Signaling Pathway","Cdk2"
"407","p53 Signaling Pathway","Ccne1"
"408","p53 Signaling Pathway","Apaf1"
"409","p53 Signaling Pathway","Atm"
"410","p53 Signaling Pathway","Mdm2"
"411","p53 Signaling Pathway","Timp3"
"412","Rac 1 Cell Motility Signaling Pathway","Pdgfra"
"413","Rac 1 Cell Motility Signaling Pathway","Vav3"
"414","Rac 1 Cell Motility Signaling Pathway","Rac1"
"415","Rac 1 Cell Motility Signaling Pathway","Pak1"
"416","Rac 1 Cell Motility Signaling Pathway","Limk1"
"417","Rac 1 Cell Motility Signaling Pathway","Actb"
"418","Rac 1 Cell Motility Signaling Pathway","Cap1"
"419","Rac 1 Cell Motility Signaling Pathway","Cfl1"
"420","Rac 1 Cell Motility Signaling Pathway","Ccnd1"
"421","Rac 1 Cell Motility Signaling Pathway","Ccnd3"
"422","Rac 1 Cell Motility Signaling Pathway","Cdkn1a"
"423","Rac 1 Cell Motility Signaling Pathway","Pcna"
"424","Rac 1 Cell Motility Signaling Pathway","Mylk"
"425","Rac 1 Cell Motility Signaling Pathway","Myl2"
"426","Rac 1 Cell Motility Signaling Pathway","Arfip2"
"427","Rac 1 Cell Motility Signaling Pathway","Pld1"
"428","Rac 1 Cell Motility Signaling Pathway","Wasf1"
"429","Rac 1 Cell Motility Signaling Pathway","Rps6kb1"
"430","Rac 1 Cell Motility Signaling Pathway","Map3k1"
"431","Rac 1 Cell Motility Signaling Pathway","Ralbp1"
"432","Rac 1 Cell Motility Signaling Pathway","Ppp1r12b"
"433","Ras Signaling Pathway ","Pik3ca"
"434","Ras Signaling Pathway ","Ralgds"
"435","Ras Signaling Pathway ","Rala"
"436","Ras Signaling Pathway ","Ralbp1"
"437","Ras Signaling Pathway ","Cdc42"
"438","Ras Signaling Pathway ","Rac1"
"439","Ras Signaling Pathway ","Akt1"
"440","Ras Signaling Pathway ","Vav3"
"441","Ras Signaling Pathway ","Bad"
"442","Ras Signaling Pathway ","Apaf1"
"443","Ras Signaling Pathway ","Casp9"
"444","Ras Signaling Pathway ","Cycs"
"445","Ras Signaling Pathway ","Foxo4"
"446","Ras Signaling Pathway ","Smad3"
"447","Ras Signaling Pathway ","Smad4"
"448","Ras Signaling Pathway ","Chuk"
"449","Ras Signaling Pathway ","Bcl2l1"
"450","Ras Signaling Pathway ","Pld1"
"451","Ras Signaling Pathway ","Raf1"
"452","Ras Signaling Pathway ","Map2k1"
"453","Ras Signaling Pathway ","Mapk3"
"454","Ras Signaling Pathway ","Elk1"
"455","Succinate Signalling During Inflammation","Plcb1"
"456","Succinate Signalling During Inflammation","Nfkb1"
"457","Succinate Signalling During Inflammation","Ikbkb"
"458","Succinate Signalling During Inflammation","Chuk"
"459","Succinate Signalling During Inflammation","Ikbkg"
"460","Succinate Signalling During Inflammation","Mapk11"
"461","Succinate Signalling During Inflammation","Nos3"
"462","Succinate Signalling During Inflammation","Prkca"
"463","Succinate Signalling During Inflammation","Mapk3"
"464","Succinate Signalling During Inflammation","Mapk1"
"465","Succinate Signalling During Inflammation","Creb1"
"466","T Cell Receptor Signaling Pathway ","Plcg1"
"467","T Cell Receptor Signaling Pathway ","Ubc"
"468","T Cell Receptor Signaling Pathway ","Rela"
"469","T Cell Receptor Signaling Pathway ","Nfkb1"
"470","T Cell Receptor Signaling Pathway ","Nfkbia"
"471","T Cell Receptor Signaling Pathway ","Nfatc1"
"472","T Cell Receptor Signaling Pathway ","Nfatc2"
"473","T Cell Receptor Signaling Pathway ","Nfatc4"
"474","T Cell Receptor Signaling Pathway ","Nfatc3"
"475","T Cell Receptor Signaling Pathway ","Lck"
"476","T Cell Receptor Signaling Pathway ","Zap70"
"477","T Cell Receptor Signaling Pathway ","Fyn"
"478","T Cell Receptor Signaling Pathway ","Vav1"
"479","T Cell Receptor Signaling Pathway ","Lat"
"480","T Cell Receptor Signaling Pathway ","Shc1"
"481","T Cell Receptor Signaling Pathway ","Grb2"
"482","T Cell Receptor Signaling Pathway ","Sos1"
"483","T Cell Receptor Signaling Pathway ","Rasgrp1"
"484","T Cell Receptor Signaling Pathway ","Raf1"
"485","T Cell Receptor Signaling Pathway ","Map2k1"
"486","T Cell Receptor Signaling Pathway ","Mapk3"
"487","T Cell Receptor Signaling Pathway ","Pik3ca"
"488","T Cell Receptor Signaling Pathway ","Pik3r1"
"489","T Cell Receptor Signaling Pathway ","Rac1"
"490","T Cell Receptor Signaling Pathway ","Map3k1"
"491","T Cell Receptor Signaling Pathway ","Map2k4"
"492","T Cell Receptor Signaling Pathway ","Mapk10"
"493","T Cell Receptor Signaling Pathway ","Jun"
"494","T Cell Receptor Signaling Pathway ","Fos"
"495","T Cell Receptor Signaling Pathway ","Elk1"
"496","T Cell Receptor Signaling Pathway ","Prkca"
"497","T Cell Receptor Signaling Pathway ","Prkcb"
"498","T Cell Receptor Signaling Pathway ","Calm3"
"499","T Cell Receptor Signaling Pathway ","Ppp3ca"
"500","T Cell Receptor Signaling Pathway ","Ppp3cb"
"501","T Cell Receptor Signaling Pathway ","Ppp3cc"
"502","TNF/Stress Related Signaling","Map3k1"
"503","TNF/Stress Related Signaling","Map4k2"
"504","TNF/Stress Related Signaling","Tank"
"505","TNF/Stress Related Signaling","Traf2"
"506","TNF/Stress Related Signaling","Tradd"
"507","TNF/Stress Related Signaling","Ripk1"
"508","TNF/Stress Related Signaling","Cradd"
"509","TNF/Stress Related Signaling","Casp2"
"510","TNF/Stress Related Signaling","Mapk14"
"511","TNF/Stress Related Signaling","Chuk"
"512","TNF/Stress Related Signaling","Ikbkb"
"513","TNF/Stress Related Signaling","Ikbkg"
"514","TNF/Stress Related Signaling","Nfkb1"
"515","TNF/Stress Related Signaling","Nfkbia"
"516","TNF/Stress Related Signaling","Map2k4"
"517","TNF/Stress Related Signaling","Map2k7"
"518","TNF/Stress Related Signaling","Mapk10"
"519","TNF/Stress Related Signaling","Jun"
"520","TNF/Stress Related Signaling","Map2k3"
"521","TNF/Stress Related Signaling","Map2k6"
"522","TNF/Stress Related Signaling","Atf1"
"523","TNF/Stress Related Signaling","Tnfrsf1a"
"524","Warburg Effect","Hk2"
"525","Warburg Effect","Pfkl"
"526","Warburg Effect","Gapdh"
"527","Warburg Effect","Pgk1"
"528","Warburg Effect","Pgam2"
"529","Warburg Effect","Pklr"
"530","Warburg Effect","Pdha1"
"531","Warburg Effect","Pdhb"
"532","Warburg Effect","Dlat"
"533","Warburg Effect","Dld"
"534","Warburg Effect","Cs"
"535","Warburg Effect","Ldha"
"536","Warburg Effect","Aco2"
"537","Warburg Effect","Idh3a"
"538","Warburg Effect","Idh3g"
"539","Warburg Effect","Ogdh"
"540","Warburg Effect","Dlst"
"541","Warburg Effect","Suclg1"
"542","Warburg Effect","Suclg2"
"543","Warburg Effect","Sdha"
"544","Warburg Effect","Sdhb"
"545","Warburg Effect","Sdhc"
"546","Warburg Effect","Sdhd"
"547","Warburg Effect","Mdh1"
"548","Warburg Effect","Glud1"
"549","Warburg Effect","Gls2"
"550","Warburg Effect","Taldo1"
"551","Warburg Effect","Tkt"
"552","Warburg Effect","Rpia"
"553","Warburg Effect","Pgls"
"554","Warburg Effect","G6pdx"
"555","Warburg Effect","Pgd"
"556","Warburg Effect","Aco1"
"557","Warburg Effect","Idh1"
"558","Warburg Effect","Slc2a2"
"559","Warburg Effect","Slc16a1"
"560","Warburg Effect","Slc1a5"
"561","Purine Metabolism","Nudt2"
"562","Purine Metabolism","Nme6"
"563","Purine Metabolism","Entpd5"
"564","Purine Metabolism","Guk1"
"565","Purine Metabolism","Nt5c2"
"566","Purine Metabolism","Dguok"
"567","Purine Metabolism","Aprt"
"568","Purine Metabolism","Pnp"
"569","Purine Metabolism","Nudt5"
"570","Purine Metabolism","Prps1"
"571","Purine Metabolism","Ppat"
"572","Purine Metabolism","Gart"
"573","Purine Metabolism","Pfas"
"574","Purine Metabolism","Paics"
"575","Purine Metabolism","Adsl"
"576","Purine Metabolism","Atic"
"577","Purine Metabolism","Itpa"
"578","Purine Metabolism","Gmps"
"579","Purine Metabolism","Impdh1"
"580","Purine Metabolism","Gmpr"
"581","Purine Metabolism","Adss"
"582","Purine Metabolism","Ampd1"
"583","Purine Metabolism","Ada"
"584","Purine Metabolism","Ak1"
"585","Purine Metabolism","Atad1"
"586","Purine Metabolism","Pde4d"
"587","Purine Metabolism","Pde10a"
"588","Purine Metabolism","Rrm1"
"589","Purine Metabolism","Rrm2"
"590","Retinol Metabolism","Rdh12"
"591","Retinol Metabolism","Dhrs4"
"592","Retinol Metabolism","Dhrs3"
"593","Retinol Metabolism","Rdh11"
"594","Retinol Metabolism","Dgat1"
"595","Retinol Metabolism","Pnpla2"
"596","Retinol Metabolism","Cyp26a1"
"597","Retinol Metabolism","Retsat"
"598","Retinol Metabolism","Dnajb11"
"599","Retinol Metabolism","Hspa5"
"600","Retinol Metabolism","Pdia4"
"601","Retinol Metabolism","Pdia6"
"602","Retinol Metabolism","Ppib"
"603","Retinol Metabolism","Sdf2l1"
"604","Retinol Metabolism","Erp29"
"605","Arachidonic Acid Metabolism","Lta4h"
"606","Arachidonic Acid Metabolism","Ltc4s"
"607","Arachidonic Acid Metabolism","Ggt1"
"608","Arachidonic Acid Metabolism","Gpx1"
"609","Arachidonic Acid Metabolism","Ptgis"
"610","Arachidonic Acid Metabolism","Ptgds"
"611","Arachidonic Acid Metabolism","Ptges"
"612","Arachidonic Acid Metabolism","Cbr1"
"613","Arachidonic Acid Metabolism","Ephx2"
"614","Arachidonic Acid Metabolism","Alox8"
"615","Arachidonic Acid Metabolism","Cyp2e1"
"616","Arachidonic Acid Metabolism","Cyp2j6"
"617","Arachidonic Acid Metabolism","Cyp2u1"
"618","Arachidonic Acid Metabolism","Alox12"
"619","Phospholipid Biosynthesis","Agpat1"
"620","Phospholipid Biosynthesis","Cds1"
"621","Phospholipid Biosynthesis","Cdipt"
"622","Phospholipid Biosynthesis","Gpd2"
"623","Phospholipid Biosynthesis","Gde1"
"624","Phospholipid Biosynthesis","Lypla1"
"625","Phospholipid Biosynthesis","Pla2g15"
"626","Phospholipid Biosynthesis","Chpt1"
"627","Phospholipid Biosynthesis","Dgka"
"628","Phospholipid Biosynthesis","Pld2"
"629","Phospholipid Biosynthesis","Pemt"
"630","Phospholipid Biosynthesis","Ptdss2"
"631","Phospholipid Biosynthesis","Pisd"
"632","Phospholipid Biosynthesis","Pgs1"
"633","Phospholipid Biosynthesis","Crls1"
"634","Phospholipid Biosynthesis","Gpd1"
"635","Phospholipid Biosynthesis","Gpam"
"636","Phospholipid Biosynthesis","Pcyt1a"
"637","Phospholipid Biosynthesis","Chka"
"638","Phospholipid Biosynthesis","Ptdss1"
"639","Glycine and Serine Metabolism","Maoa"
"640","Glycine and Serine Metabolism","Aldh2"
"641","Glycine and Serine Metabolism","Gcat"
"642","Glycine and Serine Metabolism","Sardh"
"643","Glycine and Serine Metabolism","Gldc"
"644","Glycine and Serine Metabolism","Amt"
"645","Glycine and Serine Metabolism","Shmt2"
"646","Glycine and Serine Metabolism","Dld"
"647","Glycine and Serine Metabolism","Gatm"
"648","Glycine and Serine Metabolism","Gamt"
"649","Glycine and Serine Metabolism","Alas1"
"650","Glycine and Serine Metabolism","Gnmt"
"651","Glycine and Serine Metabolism","Glyctk"
"652","Glycine and Serine Metabolism","Phgdh"
"653","Glycine and Serine Metabolism","Psat1"
"654","Glycine and Serine Metabolism","Psph"
"655","Glycine and Serine Metabolism","Shmt1"
"656","Glycine and Serine Metabolism","Srr"
"657","Glycine and Serine Metabolism","Cbs"
"658","Glycine and Serine Metabolism","Cth"
"659","Glycine and Serine Metabolism","Sars"
"660","Glycine and Serine Metabolism","Gars"
"661","Valine, Leucine, and Isoleucine Degradation","Pdhb"
"662","Valine, Leucine, and Isoleucine Degradation","Gsr"
"663","Valine, Leucine, and Isoleucine Degradation","Hmgcl"
"664","Valine, Leucine, and Isoleucine Degradation","Bcat1"
"665","Valine, Leucine, and Isoleucine Degradation","Dlst"
"666","Valine, Leucine, and Isoleucine Degradation","Ivd"
"667","Valine, Leucine, and Isoleucine Degradation","Acadm"
"668","Valine, Leucine, and Isoleucine Degradation","Echs1"
"669","Valine, Leucine, and Isoleucine Degradation","Pccb"
"670","Valine, Leucine, and Isoleucine Degradation","Acads"
"671","Valine, Leucine, and Isoleucine Degradation","Acadsb"
"672","Valine, Leucine, and Isoleucine Degradation","Acad8"
"673","Valine, Leucine, and Isoleucine Degradation","Hibch"
"674","Valine, Leucine, and Isoleucine Degradation","Hibadh"
"675","Valine, Leucine, and Isoleucine Degradation","Abat"
"676","Valine, Leucine, and Isoleucine Degradation","Hpgd"
"677","Valine, Leucine, and Isoleucine Degradation","Acat1"
"678","Valine, Leucine, and Isoleucine Degradation","Aldh5a1"
"679","Valine, Leucine, and Isoleucine Degradation","Mcee"
"680","Valine, Leucine, and Isoleucine Degradation","Mut"
"681","Valine, Leucine, and Isoleucine Degradation","Auh"
"682","Valine, Leucine, and Isoleucine Degradation","Hmgcs2"
"683","Valine, Leucine, and Isoleucine Degradation","Oxct1"
"684","Pyrimidine Metabolism","Cad"
"685","Pyrimidine Metabolism","Dhodh"
"686","Pyrimidine Metabolism","Cant1"
"687","Pyrimidine Metabolism","Cmpk2"
"688","Pyrimidine Metabolism","Nme6"
"689","Pyrimidine Metabolism","Ak3"
"690","Pyrimidine Metabolism","Itpa"
"691","Pyrimidine Metabolism","Nt5c2"
"692","Pyrimidine Metabolism","Upp2"
"693","Pyrimidine Metabolism","Dpyd"
"694","Pyrimidine Metabolism","Upb1"
"695","Pyrimidine Metabolism","Rrm2"
"696","Pyrimidine Metabolism","Rrm2b"
"697","Pyrimidine Metabolism","Uckl1"
"698","Pyrimidine Metabolism","Cda"
"699","Pyrimidine Metabolism","Dctd"
"700","Pyrimidine Metabolism","Tk1"
"701","Pyrimidine Metabolism","Tyms"
"702","Pyrimidine Metabolism","Dut"
"703","Glutamate Metabolism","Gls2"
"704","Glutamate Metabolism","Gfpt1"
"705","Glutamate Metabolism","Gnpnat1"
"706","Glutamate Metabolism","Nagk"
"707","Glutamate Metabolism","Cad"
"708","Glutamate Metabolism","Ppat"
"709","Glutamate Metabolism","Gmps"
"710","Glutamate Metabolism","Nadsyn1"
"711","Glutamate Metabolism","Aldh4a1"
"712","Glutamate Metabolism","Gpt"
"713","Glutamate Metabolism","Glud1"
"714","Glutamate Metabolism","Got2"
"715","Glutamate Metabolism","Ears2"
"716","Glutamate Metabolism","Gclc"
"717","Glutamate Metabolism","Gclm"
"718","Glutamate Metabolism","Gss"
"719","Glutamate Metabolism","Gsr"
"720","Glutamate Metabolism","Abat"
"721","Glutamate Metabolism","Aldh5a1"
"722","Glutamate Metabolism","Qars"
"723","Phosphatidylinositol Phosphate Metabolism","Cdipt"
"724","Phosphatidylinositol Phosphate Metabolism","Synj1"
"725","Phosphatidylinositol Phosphate Metabolism","Pik3ca"
"726","Phosphatidylinositol Phosphate Metabolism","Pik3r1"
"727","Phosphatidylinositol Phosphate Metabolism","Pik3c3"
"728","Phosphatidylinositol Phosphate Metabolism","Pik3r4"
"729","Phosphatidylinositol Phosphate Metabolism","Becn1"
"730","Phosphatidylinositol Phosphate Metabolism","Ambra1"
"731","Phosphatidylinositol Phosphate Metabolism","Pikfyve"
"732","Phosphatidylinositol Phosphate Metabolism","Fig4"
"733","Phosphatidylinositol Phosphate Metabolism","Vac14"
"734","Phosphatidylinositol Phosphate Metabolism","Pip5k1a"
"735","Phosphatidylinositol Phosphate Metabolism","Pip4k2a"
"736","Phosphatidylinositol Phosphate Metabolism","Inpp5e"
"737","Phosphatidylinositol Phosphate Metabolism","Pi4ka"
"738","Phosphatidylinositol Phosphate Metabolism","Pik3c2a"
"739","Phosphatidylinositol Phosphate Metabolism","Erbb2"
"740","Phosphatidylinositol Phosphate Metabolism","Pik3cd"
"741","Phosphatidylinositol Phosphate Metabolism","Pten"
"742","Phosphatidylinositol Phosphate Metabolism","Plcb1"
"743","Sphingolipid Metabolism","Sptlc2"
"744","Sphingolipid Metabolism","Sptlc1"
"745","Sphingolipid Metabolism","Kdsr"
"746","Sphingolipid Metabolism","Sphk2"
"747","Sphingolipid Metabolism","Sgpp2"
"748","Sphingolipid Metabolism","Sgpl1"
"749","Sphingolipid Metabolism","Cerk"
"750","Sphingolipid Metabolism","Sgms1"
"751","Sphingolipid Metabolism","Enpp5"
"752","Sphingolipid Metabolism","Galc"
"753","Sphingolipid Metabolism","Gba"
"754","Sphingolipid Metabolism","Ugcg"
"755","Sphingolipid Metabolism","B4galt6"
"756","Sphingolipid Metabolism","Gal3st1"
"757","Sphingolipid Metabolism","Arsa"
"758","Sphingolipid Metabolism","Gla"
"759","Sphingolipid Metabolism","Neu3"
"760","Sphingolipid Metabolism","Acer3"
"761","Inositol Metabolism","Isyna1"
"762","Inositol Metabolism","Ipmk"
"763","Inositol Metabolism","Itpk1"
"764","Inositol Metabolism","Ippk"
"765","Inositol Metabolism","Minpp1"
"766","Inositol Metabolism","Itpka"
"767","Inositol Metabolism","Inpp1"
"768","Inositol Metabolism","Impa1"
"769","Inositol Metabolism","Inpp4a"
"770","Inositol Metabolism","Plcd3"
"771","Inositol Metabolism","Pikfyve"
"772","Inositol Metabolism","Fig4"
"773","Inositol Metabolism","Vac14"
"774","Inositol Metabolism","Pi4ka"
"775","Inositol Metabolism","Pik3c3"
"776","Inositol Metabolism","Pik3r4"
"777","Inositol Metabolism","Becn1"
"778","Inositol Metabolism","Ambra1"
"779","Inositol Metabolism","Pik3ca"
"780","Gluconeogenesis","Pgm1"
"781","Gluconeogenesis","Hk2"
"782","Gluconeogenesis","Galm"
"783","Gluconeogenesis","Fbp1"
"784","Gluconeogenesis","Aldoa"
"785","Gluconeogenesis","Tpi1"
"786","Gluconeogenesis","Gapdh"
"787","Gluconeogenesis","Pank1"
"788","Gluconeogenesis","Pgam2"
"789","Gluconeogenesis","Bpgm"
"790","Gluconeogenesis","Pgam1"
"791","Gluconeogenesis","Mdh2"
"792","Gluconeogenesis","Ldha"
"793","Gluconeogenesis","Slc2a2"
"794","Gluconeogenesis","Slc25a11"
"795","Pyruvate Metabolism","Ldha"
"796","Pyruvate Metabolism","Pklr"
"797","Pyruvate Metabolism","Mdh1"
"798","Pyruvate Metabolism","Ldhd"
"799","Pyruvate Metabolism","Hagh"
"800","Pyruvate Metabolism","Glo1"
"801","Pyruvate Metabolism","Grhpr"
"802","Pyruvate Metabolism","Me1"
"803","Pyruvate Metabolism","Dld"
"804","Pyruvate Metabolism","Dlat"
"805","Pyruvate Metabolism","Acaca"
"806","Pyruvate Metabolism","Acat1"
"807","Pyruvate Metabolism","Acyp1"
"808","Pyruvate Metabolism","Aldh2"
"809","Pyruvate Metabolism","Acss2"
"810","Pyruvate Metabolism","Pdha1"
"811","Pyruvate Metabolism","Pdhb"
"812","Steroid Biosynthesis","Acat2"
"813","Steroid Biosynthesis","Mvk"
"814","Steroid Biosynthesis","Pmvk"
"815","Steroid Biosynthesis","Mvd"
"816","Steroid Biosynthesis","Idi1"
"817","Steroid Biosynthesis","Fdps"
"818","Steroid Biosynthesis","Ggps1"
"819","Steroid Biosynthesis","Fdft1"
"820","Steroid Biosynthesis","Sqle"
"821","Steroid Biosynthesis","Lss"
"822","Steroid Biosynthesis","Dhcr24"
"823","Steroid Biosynthesis","Tm7sf2"
"824","Steroid Biosynthesis","Sc5d"
"825","Steroid Biosynthesis","Uxs1"
"826","Steroid Biosynthesis","Wwox"
"827","Steroid Biosynthesis","Ebp"
"828","Steroid Biosynthesis","Hmgcr"
"829","Steroid Biosynthesis","Soat2"
"830","Steroid Biosynthesis","Lipa"
"831","Steroid Biosynthesis","Hmgcs2"
"832","Arginine and Proline Metabolism","Ass1"
"833","Arginine and Proline Metabolism","Asl"
"834","Arginine and Proline Metabolism","Glud1"
"835","Arginine and Proline Metabolism","Oat"
"836","Arginine and Proline Metabolism","Aldh4a1"
"837","Arginine and Proline Metabolism","Prodh"
"838","Arginine and Proline Metabolism","Pycr2"
"839","Arginine and Proline Metabolism","Eprs"
"840","Arginine and Proline Metabolism","P4ha3"
"841","Arginine and Proline Metabolism","Rars2"
"842","Arginine and Proline Metabolism","Gatm"
"843","Arginine and Proline Metabolism","Gamt"
"844","Arginine and Proline Metabolism","Ckb"
"845","Arginine and Proline Metabolism","Got1"
"846","Arginine and Proline Metabolism","Nos1"
"847","Citric Acid Cycle","Pdha1"
"848","Citric Acid Cycle","Pdhb"
"849","Citric Acid Cycle","Dlat"
"850","Citric Acid Cycle","Dld"
"851","Citric Acid Cycle","Cs"
"852","Citric Acid Cycle","Idh3a"
"853","Citric Acid Cycle","Idh3g"
"854","Citric Acid Cycle","Ogdh"
"855","Citric Acid Cycle","Dlst"
"856","Citric Acid Cycle","Suclg1"
"857","Citric Acid Cycle","Suclg2"
"858","Citric Acid Cycle","Sdha"
"859","Citric Acid Cycle","Sdhb"
"860","Citric Acid Cycle","Sdhc"
"861","Citric Acid Cycle","Sdhd"
"862","Citric Acid Cycle","Aco2"
"863","Methionine Metabolism","Shmt1"
"864","Methionine Metabolism","Mthfr"
"865","Methionine Metabolism","Mtr"
"866","Methionine Metabolism","Cth"
"867","Methionine Metabolism","Cbs"
"868","Methionine Metabolism","Dnmt1"
"869","Methionine Metabolism","Srm"
"870","Methionine Metabolism","Mtap"
"871","Methionine Metabolism","Ahcy"
"872","Methionine Metabolism","Il4i1"
"873","Methionine Metabolism","Mars"
"874","Methionine Metabolism","Mtfmt"
"875","Methionine Metabolism","Mat2a"
"876","Methionine Metabolism","Mat2b"
"877","Methionine Metabolism","Msrb2"
"878","Propanoate Metabolism","Mcee"
"879","Propanoate Metabolism","Mut"
"880","Propanoate Metabolism","Mlycd"
"881","Propanoate Metabolism","Acaca"
"882","Propanoate Metabolism","Acat1"
"883","Propanoate Metabolism","Aldh6a1"
"884","Propanoate Metabolism","Abat"
"885","Propanoate Metabolism","Echs1"
"886","Propanoate Metabolism","Hibch"
"887","Propanoate Metabolism","Acadm"
"888","Propanoate Metabolism","Acss1"
"889","Propanoate Metabolism","Pcca"
"890","Propanoate Metabolism","Pccb"
"891","Propanoate Metabolism","Dbt"
"892","Propanoate Metabolism","Dld"
"893","Propanoate Metabolism","Bckdhb"
"894","Propanoate Metabolism","Bckdha"
"895","Propanoate Metabolism","Ldha"
"896","Tryptophan Metabolism","Kynu"
"897","Tryptophan Metabolism","Afmid"
"898","Tryptophan Metabolism","Aadat"
"899","Tryptophan Metabolism","Kmo"
"900","Tryptophan Metabolism","Cat"
"901","Tryptophan Metabolism","Haao"
"902","Tryptophan Metabolism","Tph1"
"903","Tryptophan Metabolism","Ddc"
"904","Tryptophan Metabolism","Aldh2"
"905","Tryptophan Metabolism","Cyp1a1"
"906","Tryptophan Metabolism","Wars"
"907","Tryptophan Metabolism","Wars2"
"908","Fructose and Mannose Degradation","Sord"
"909","Fructose and Mannose Degradation","Phpt1"
"910","Fructose and Mannose Degradation","Hk1"
"911","Fructose and Mannose Degradation","Mpi"
"912","Fructose and Mannose Degradation","Pmm1"
"913","Fructose and Mannose Degradation","Pfkl"
"914","Fructose and Mannose Degradation","Folr1"
"915","Fructose and Mannose Degradation","Gmppb"
"916","Fructose and Mannose Degradation","Aldoa"
"917","Fructose and Mannose Degradation","Gmds"
"918","Fructose and Mannose Degradation","Tsta3"
"919","Fructose and Mannose Degradation","Fpgt"
"920","Fructose and Mannose Degradation","Fuk"
"921","Fructose and Mannose Degradation","Khk"
"922","Fructose and Mannose Degradation","Tpi1"
"923","Fructose and Mannose Degradation","Pfkfb1"
"924","Tyrosine Metabolism","Got1"
"925","Tyrosine Metabolism","Gstz1"
"926","Tyrosine Metabolism","Fah"
"927","Tyrosine Metabolism","Ddc"
"928","Tyrosine Metabolism","Pnmt"
"929","Tyrosine Metabolism","Maoa"
"930","Tyrosine Metabolism","Haao"
"931","Tyrosine Metabolism","Mif"
"932","Tyrosine Metabolism","Comt"
"933","Amino Sugar Metabolism","Hexa"
"934","Amino Sugar Metabolism","Nagk"
"935","Amino Sugar Metabolism","Amdhd2"
"936","Amino Sugar Metabolism","Gnpnat1"
"937","Amino Sugar Metabolism","Gnpda1"
"938","Amino Sugar Metabolism","Gfpt1"
"939","Amino Sugar Metabolism","Pgm3"
"940","Amino Sugar Metabolism","Uap1"
"941","Amino Sugar Metabolism","Renbp"
"942","Amino Sugar Metabolism","Gne"
"943","Amino Sugar Metabolism","Hk1"
"944","Amino Sugar Metabolism","Nans"
"945","Amino Sugar Metabolism","Npl"
"946","Amino Sugar Metabolism","Nanp"
"947","Amino Sugar Metabolism","Cmas"
"948","Amino Sugar Metabolism","Slc17a5"
"949","Androstenedione Metabolism","Srd5a1"
"950","Androstenedione Metabolism","Dnajb11"
"951","Androstenedione Metabolism","Hspa5"
"952","Androstenedione Metabolism","Pdia4"
"953","Androstenedione Metabolism","Pdia6"
"954","Androstenedione Metabolism","Ppib"
"955","Androstenedione Metabolism","Sdf2l1"
"956","Androstenedione Metabolism","Erp29"
"957","Bile Acid Biosynthesis","Akr1a1"
"958","Bile Acid Biosynthesis","Cyp27a1"
"959","Bile Acid Biosynthesis","Amacr"
"960","Bile Acid Biosynthesis","Hsd17b4"
"961","Bile Acid Biosynthesis","Scp2"
"962","Bile Acid Biosynthesis","Lipa"
"963","Bile Acid Biosynthesis","Cyp39a1"
"964","Bile Acid Biosynthesis","Cyp7b1"
"965","Estrone Metabolism","Cyp1a1"
"966","Estrone Metabolism","Comt"
"967","Estrone Metabolism","Dnajb11"
"968","Estrone Metabolism","Hspa5"
"969","Estrone Metabolism","Pdia4"
"970","Estrone Metabolism","Pdia6"
"971","Estrone Metabolism","Ppib"
"972","Estrone Metabolism","Sdf2l1"
"973","Estrone Metabolism","Erp29"
"974","Histidine Metabolism","Cndp2"
"975","Histidine Metabolism","Carns1"
"976","Histidine Metabolism","Csad"
"977","Histidine Metabolism","Hnmt"
"978","Histidine Metabolism","Maoa"
"979","Histidine Metabolism","Aldh5a1"
"980","Histidine Metabolism","Amdhd1"
"981","Histidine Metabolism","Ftcd"
"982","Histidine Metabolism","Eif2ak4"
"983","Porphyrin Metabolism","Alas1"
"984","Porphyrin Metabolism","Alad"
"985","Porphyrin Metabolism","Hmbs"
"986","Porphyrin Metabolism","Uros"
"987","Porphyrin Metabolism","Urod"
"988","Porphyrin Metabolism","Cpox"
"989","Porphyrin Metabolism","Fech"
"990","Porphyrin Metabolism","Cox10"
"991","Porphyrin Metabolism","Cox15"
"992","Porphyrin Metabolism","Hmox1"
"993","Porphyrin Metabolism","Blvra"
"994","Porphyrin Metabolism","Gusb"
"995","Porphyrin Metabolism","Ppox"
"996","Starch and Sucrose Metabolism","Hk2"
"997","Starch and Sucrose Metabolism","Gck"
"998","Starch and Sucrose Metabolism","Pdgfb"
"999","Starch and Sucrose Metabolism","Pgm2"
"1000","Starch and Sucrose Metabolism","Pgm2l1"
"1001","Starch and Sucrose Metabolism","Ugp2"
"1002","Starch and Sucrose Metabolism","Gbe1"
"1003","Starch and Sucrose Metabolism","Ugdh"
"1004","Starch and Sucrose Metabolism","Pygl"
"1005","Starch and Sucrose Metabolism","Gusb"
"1006","Aspartate Metabolism","Abat"
"1007","Aspartate Metabolism","Asns"
"1008","Aspartate Metabolism","Nars"
"1009","Aspartate Metabolism","Ass1"
"1010","Aspartate Metabolism","Dars"
"1011","Aspartate Metabolism","Maob"
"1012","Aspartate Metabolism","Adsl"
"1013","Aspartate Metabolism","Adss"
"1014","Aspartate Metabolism","Cad"
"1015","Aspartate Metabolism","Asrgl1"
"1016","Aspartate Metabolism","Asl"
"1017","Fatty Acid Metabolism","Cpt2"
"1018","Fatty Acid Metabolism","Echs1"
"1019","Fatty Acid Metabolism","Hadha"
"1020","Fatty Acid Metabolism","Hadhb"
"1021","Fatty Acid Metabolism","Acaa2"
"1022","Fatty Acid Metabolism","Cpt1a"
"1023","Fatty Acid Metabolism","Acsl1"
"1024","Fatty Acid Metabolism","Acadl"
"1025","Fatty Acid Metabolism","Acadm"
"1026","Fatty Acid Metabolism","Acadsb"
"1027","Fatty Acid Metabolism","Acads"
"1028","Fatty Acid Metabolism","Acat1"
"1029","Fatty Acid Metabolism","Gcdh"
"1030","Fatty Acid Metabolism","Acadvl"
"1031","Galactose Metabolism","Naga"
"1032","Galactose Metabolism","Gaa"
"1033","Galactose Metabolism","Glb1"
"1034","Galactose Metabolism","Galk1"
"1035","Galactose Metabolism","B4galt1"
"1036","Galactose Metabolism","Galt"
"1037","Galactose Metabolism","Gale"
"1038","Galactose Metabolism","Ugp2"
"1039","Galactose Metabolism","Pgm2"
"1040","Galactose Metabolism","G6pc3"
"1041","Galactose Metabolism","Hk1"
"1042","Galactose Metabolism","Gck"
"1043","Glycolysis","Hk1"
"1044","Glycolysis","Galm"
"1045","Glycolysis","Pfkp"
"1046","Glycolysis","Tpi1"
"1047","Glycolysis","G6pc3"
"1048","Glycolysis","Pgam1"
"1049","Glycolysis","Bpgm"
"1050","Inositol Phosphate Metabolism","Nudt3"
"1051","Inositol Phosphate Metabolism","Ppip5k1"
"1052","Inositol Phosphate Metabolism","Ip6k1"
"1053","Inositol Phosphate Metabolism","Ippk"
"1054","Inositol Phosphate Metabolism","Minpp1"
"1055","Inositol Phosphate Metabolism","Itpk1"
"1056","Inositol Phosphate Metabolism","Ipmk"
"1057","Inositol Phosphate Metabolism","Itpka"
"1058","Inositol Phosphate Metabolism","Inpp1"
"1059","Inositol Phosphate Metabolism","Impa1"
"1060","Inositol Phosphate Metabolism","Inpp4a"
"1061","Inositol Phosphate Metabolism","Isyna1"
"1062","Nicotinate and Nicotinamide Metabolism","Pnp"
"1063","Nicotinate and Nicotinamide Metabolism","Nt5c2"
"1064","Nicotinate and Nicotinamide Metabolism","Nampt"
"1065","Nicotinate and Nicotinamide Metabolism","Bst1"
"1066","Nicotinate and Nicotinamide Metabolism","Nudt12"
"1067","Nicotinate and Nicotinamide Metabolism","Nmnat2"
"1068","Nicotinate and Nicotinamide Metabolism","Nnt"
"1069","Nicotinate and Nicotinamide Metabolism","Nadk"
"1070","Nicotinate and Nicotinamide Metabolism","Nadsyn1"
"1071","Nicotinate and Nicotinamide Metabolism","Qprt"
"1072","Pentose Phosphate Pathway","H6pd"
"1073","Pentose Phosphate Pathway","Rpia"
"1074","Pentose Phosphate Pathway","Rbks"
"1075","Pentose Phosphate Pathway","Pgm2"
"1076","Pentose Phosphate Pathway","Prps2"
"1077","Pentose Phosphate Pathway","Rpe"
"1078","Pentose Phosphate Pathway","Taldo1"
"1079","Pentose Phosphate Pathway","Aldoa"
"1080","Pentose Phosphate Pathway","Folr1"
"1081","Pentose Phosphate Pathway","Pfkl"
"1082","Pentose Phosphate Pathway","Dera"
"1083","Pentose Phosphate Pathway","Pgd"
"1084","Glycerolipid Metabolism","Glyctk"
"1085","Glycerolipid Metabolism","Dgka"
"1086","Glycerolipid Metabolism","Aldh5a1"
"1087","Glycerolipid Metabolism","Gpam"
"1088","Glycerolipid Metabolism","Agpat2"
"1089","Glycerolipid Metabolism","Gpd2"
"1090","Glycerolipid Metabolism","Lpl"
"1091","Glycerolipid Metabolism","Lipc"
"1092","Glycerolipid Metabolism","Gpd1"
"1093","Lysine Degradation","Aass"
"1094","Lysine Degradation","Aldh7a1"
"1095","Lysine Degradation","Aadat"
"1096","Lysine Degradation","Echs1"
"1097","Lysine Degradation","Hadh"
"1098","Lysine Degradation","Acat1"
"1099","Lysine Degradation","Pipox"
"1100","Lysine Degradation","Gcdh"
"1101","Lysine Degradation","Dhtkd1"
"1102","Lysine Degradation","Dlst"
"1103","Lysine Degradation","Gsr"
"1104","Lysine Degradation","Slc7a2"
"1105","Trehalose Degradation","Gck"
"1106","Trehalose Degradation","Atp1a1"
"1107","Trehalose Degradation","Atp1a2"
"1108","Trehalose Degradation","Atp1a3"
"1109","Trehalose Degradation","Atp1b1"
"1110","Trehalose Degradation","Atp1b2"
"1111","Trehalose Degradation","Atp1b3"
"1112","Trehalose Degradation","Fxyd2"
"1113","Trehalose Degradation","Slc2a2"
"1114","Urea Cycle","Gpt"
"1115","Urea Cycle","Gls2"
"1116","Urea Cycle","Glud1"
"1117","Urea Cycle","Got2"
"1118","Urea Cycle","Asl"
"1119","Urea Cycle","Ass1"
"1120","Urea Cycle","Slc1a5"
"1121","Urea Cycle","Slc1a4"
"1122","Urea Cycle","Slc25a15"
"1123","Urea Cycle","Slc25a12"
"1124","Ammonia Recycling","Asrgl1"
"1125","Ammonia Recycling","Asns"
"1126","Ammonia Recycling","Glud1"
"1127","Ammonia Recycling","Gls2"
"1128","Ammonia Recycling","Amt"
"1129","Ammonia Recycling","Dld"
"1130","Ammonia Recycling","Gldc"
"1131","Ammonia Recycling","Gcsh"
"1132","Folate Metabolism","Dhfr"
"1133","Folate Metabolism","Mthfd1"
"1134","Folate Metabolism","Ftcd"
"1135","Folate Metabolism","Mthfs"
"1136","Folate Metabolism","Mthfr"
"1137","Folate Metabolism","Fpgs"
"1138","Folate Metabolism","Ggh"
"1139","Folate Metabolism","Mthfd1l"
"1140","Folate Metabolism","Mthfd2"
"1141","Folate Metabolism","Mtfmt"
"1142","Folate Metabolism","Slc46a1"
"1143","Lactose Degradation","Klb"
"1144","Lactose Degradation","Atp1a1"
"1145","Lactose Degradation","Atp1a2"
"1146","Lactose Degradation","Atp1a3"
"1147","Lactose Degradation","Atp1b1"
"1148","Lactose Degradation","Atp1b2"
"1149","Lactose Degradation","Atp1b3"
"1150","Lactose Degradation","Fxyd2"
"1151","Lactose Degradation","Slc2a2"
"1152","Mitochondrial Electron Transport Chain","Gpd2"
"1153","Mitochondrial Electron Transport Chain","Sdha"
"1154","Mitochondrial Electron Transport Chain","Sdhb"
"1155","Mitochondrial Electron Transport Chain","Sdhc"
"1156","Mitochondrial Electron Transport Chain","Sdhd"
"1157","Mitochondrial Electron Transport Chain","Gpd1"
"1158","Mitochondrial Electron Transport Chain","Gapdh"
"1159","Mitochondrial Electron Transport Chain","Cycs"
"1160","Mitochondrial Electron Transport Chain","Uqcrc1"
"1161","Mitochondrial Electron Transport Chain","Slc25a4"
"1162","Mitochondrial Electron Transport Chain","Slc37a2"
"1163","Glutathione Metabolism","Gss"
"1164","Glutathione Metabolism","Gpx1"
"1165","Glutathione Metabolism","Gsr"
"1166","Glutathione Metabolism","Gsto2"
"1167","Glutathione Metabolism","Anpep"
"1168","Glutathione Metabolism","Casp7"
"1169","Glutathione Metabolism","Gclc"
"1170","Glutathione Metabolism","Gclm"
"1171","Glutathione Metabolism","Oplah"
"1172","Glutathione Metabolism","Ggct"
"1173","Nucleotide Excision Repair ","Rad23a"
"1174","Nucleotide Excision Repair ","Xpa"
"1175","Nucleotide Excision Repair ","Ercc2"
"1176","Nucleotide Excision Repair ","Rfc1"
"1177","Nucleotide Excision Repair ","Pcna"
"1178","Nucleotide Excision Repair ","Polr1a"
"1179","Nucleotide Excision Repair ","Ercc5"
"1180","Nucleotide Excision Repair ","Ercc4"
"1181","Nucleotide Excision Repair ","Pole"
"1182","Nucleotide Excision Repair ","Lig1"
"1183","Oxidation of Branched-Chain Fatty Acids","Acsl1"
"1184","Oxidation of Branched-Chain Fatty Acids","Aldh2"
"1185","Oxidation of Branched-Chain Fatty Acids","Hacl1"
"1186","Oxidation of Branched-Chain Fatty Acids","Phyh"
"1187","Oxidation of Branched-Chain Fatty Acids","Crat"
"1188","Oxidation of Branched-Chain Fatty Acids","Cpt2"
"1189","Oxidation of Branched-Chain Fatty Acids","Pex13"
"1190","Oxidation of Branched-Chain Fatty Acids","Pex14"
"1191","Oxidation of Branched-Chain Fatty Acids","Abcd1"
"1192","Oxidation of Branched-Chain Fatty Acids","Abcd2"
"1193","Oxidation of Branched-Chain Fatty Acids","Slc25a20"
"1194","Phenylalanine and Tyrosine Metabolism","Got1"
"1195","Phenylalanine and Tyrosine Metabolism","Maob"
"1196","Phenylalanine and Tyrosine Metabolism","Aimp1"
"1197","Phenylalanine and Tyrosine Metabolism","Farsa"
"1198","Phenylalanine and Tyrosine Metabolism","Lrrc47"
"1199","Phenylalanine and Tyrosine Metabolism","Gstz1"
"1200","Phenylalanine and Tyrosine Metabolism","Fah"
"1201","Selenoamino Acid Metabolism","Scly"
"1202","Selenoamino Acid Metabolism","Sephs2"
"1203","Selenoamino Acid Metabolism","Cth"
"1204","Selenoamino Acid Metabolism","Cbs"
"1205","Selenoamino Acid Metabolism","Ahcy"
"1206","Selenoamino Acid Metabolism","Mettl6"
"1207","Selenoamino Acid Metabolism","Mat2a"
"1208","Selenoamino Acid Metabolism","Mat2b"
"1209","Selenoamino Acid Metabolism","Mars"
"1210","Selenoamino Acid Metabolism","Papss1"
"1211","Selenoamino Acid Metabolism","Ggt1"
